<?xml version="1.0" ?>
<LOG_ROOT>
	<PROJECT NAME="DigitalClock">
		<CBX_INST_ENTRY INSTANCE_NAME="|DigitalClock|lpm_add_sub:Add1" CBX_FILE_NAME="add_sub_dnh.tdf"/>
		<CBX_INST_ENTRY INSTANCE_NAME="|DigitalClock|lpm_add_sub:Add2" CBX_FILE_NAME="add_sub_dnh.tdf"/>
		<CBX_INST_ENTRY INSTANCE_NAME="|DigitalClock|lpm_add_sub:Add3" CBX_FILE_NAME="add_sub_dnh.tdf"/>
		<CBX_INST_ENTRY INSTANCE_NAME="|DigitalClock|lpm_divide:Mod1" CBX_FILE_NAME="lpm_divide_ipl.tdf"/>
		<CBX_INST_ENTRY INSTANCE_NAME="|DigitalClock|segment7Led:st3|lpm_mux:Mux3" CBX_FILE_NAME="mux_fdc.tdf"/>
		<CBX_INST_ENTRY INSTANCE_NAME="|DigitalClock|segment7Led:st4|lpm_mux:Mux2" CBX_FILE_NAME="mux_fdc.tdf"/>
		<CBX_INST_ENTRY INSTANCE_NAME="|DigitalClock|segment7Led:st5|lpm_mux:Mux1" CBX_FILE_NAME="mux_fdc.tdf"/>
		<CBX_INST_ENTRY INSTANCE_NAME="|DigitalClock|lpm_add_sub:Add4" CBX_FILE_NAME="add_sub_dnh.tdf"/>
		<CBX_INST_ENTRY INSTANCE_NAME="|DigitalClock|lpm_divide:Mod2" CBX_FILE_NAME="lpm_divide_ipl.tdf"/>
		<CBX_INST_ENTRY INSTANCE_NAME="|DigitalClock|segment7Led:st4|lpm_mux:Mux3" CBX_FILE_NAME="mux_fdc.tdf"/>
		<CBX_INST_ENTRY INSTANCE_NAME="|DigitalClock|segment7Led:st5|lpm_mux:Mux2" CBX_FILE_NAME="mux_fdc.tdf"/>
		<CBX_INST_ENTRY INSTANCE_NAME="|DigitalClock|lpm_divide:Div0" CBX_FILE_NAME="lpm_divide_f1m.tdf"/>
		<CBX_INST_ENTRY INSTANCE_NAME="|DigitalClock|lpm_divide:Mod3" CBX_FILE_NAME="lpm_divide_jpl.tdf"/>
		<CBX_INST_ENTRY INSTANCE_NAME="|DigitalClock|segment7Led:st0|lpm_mux:Mux0" CBX_FILE_NAME="mux_fdc.tdf"/>
		<CBX_INST_ENTRY INSTANCE_NAME="|DigitalClock|segment7Led:st5|lpm_mux:Mux3" CBX_FILE_NAME="mux_fdc.tdf"/>
		<CBX_INST_ENTRY INSTANCE_NAME="|DigitalClock|lpm_divide:Div1" CBX_FILE_NAME="lpm_divide_g1m.tdf"/>
		<CBX_INST_ENTRY INSTANCE_NAME="|DigitalClock|lpm_divide:Mod4" CBX_FILE_NAME="lpm_divide_jpl.tdf"/>
		<CBX_INST_ENTRY INSTANCE_NAME="|DigitalClock|segment7Led:st0|lpm_mux:Mux1" CBX_FILE_NAME="mux_fdc.tdf"/>
		<CBX_INST_ENTRY INSTANCE_NAME="|DigitalClock|segment7Led:st1|lpm_mux:Mux0" CBX_FILE_NAME="mux_fdc.tdf"/>
		<CBX_INST_ENTRY INSTANCE_NAME="|DigitalClock|lpm_divide:Div2" CBX_FILE_NAME="lpm_divide_g1m.tdf"/>
		<CBX_INST_ENTRY INSTANCE_NAME="|DigitalClock|lpm_divide:Mod5" CBX_FILE_NAME="lpm_divide_jpl.tdf"/>
		<CBX_INST_ENTRY INSTANCE_NAME="|DigitalClock|segment7Led:st0|lpm_mux:Mux2" CBX_FILE_NAME="mux_fdc.tdf"/>
		<CBX_INST_ENTRY INSTANCE_NAME="|DigitalClock|segment7Led:st1|lpm_mux:Mux1" CBX_FILE_NAME="mux_fdc.tdf"/>
		<CBX_INST_ENTRY INSTANCE_NAME="|DigitalClock|segment7Led:st2|lpm_mux:Mux0" CBX_FILE_NAME="mux_fdc.tdf"/>
		<CBX_INST_ENTRY INSTANCE_NAME="|DigitalClock|lpm_add_sub:Add0" CBX_FILE_NAME="add_sub_dnh.tdf"/>
		<CBX_INST_ENTRY INSTANCE_NAME="|DigitalClock|lpm_divide:Mod6" CBX_FILE_NAME="lpm_divide_jpl.tdf"/>
		<CBX_INST_ENTRY INSTANCE_NAME="|DigitalClock|segment7Led:st0|lpm_mux:Mux3" CBX_FILE_NAME="mux_fdc.tdf"/>
		<CBX_INST_ENTRY INSTANCE_NAME="|DigitalClock|segment7Led:st1|lpm_mux:Mux2" CBX_FILE_NAME="mux_fdc.tdf"/>
		<CBX_INST_ENTRY INSTANCE_NAME="|DigitalClock|segment7Led:st2|lpm_mux:Mux1" CBX_FILE_NAME="mux_fdc.tdf"/>
		<CBX_INST_ENTRY INSTANCE_NAME="|DigitalClock|segment7Led:st3|lpm_mux:Mux0" CBX_FILE_NAME="mux_fdc.tdf"/>
		<CBX_INST_ENTRY INSTANCE_NAME="|DigitalClock|segment7Led:st1|lpm_mux:Mux3" CBX_FILE_NAME="mux_fdc.tdf"/>
		<CBX_INST_ENTRY INSTANCE_NAME="|DigitalClock|segment7Led:st2|lpm_mux:Mux2" CBX_FILE_NAME="mux_fdc.tdf"/>
		<CBX_INST_ENTRY INSTANCE_NAME="|DigitalClock|segment7Led:st3|lpm_mux:Mux1" CBX_FILE_NAME="mux_fdc.tdf"/>
		<CBX_INST_ENTRY INSTANCE_NAME="|DigitalClock|segment7Led:st4|lpm_mux:Mux0" CBX_FILE_NAME="mux_fdc.tdf"/>
		<CBX_INST_ENTRY INSTANCE_NAME="|DigitalClock|lpm_divide:Mod0" CBX_FILE_NAME="lpm_divide_jpl.tdf"/>
		<CBX_INST_ENTRY INSTANCE_NAME="|DigitalClock|segment7Led:st2|lpm_mux:Mux3" CBX_FILE_NAME="mux_fdc.tdf"/>
		<CBX_INST_ENTRY INSTANCE_NAME="|DigitalClock|segment7Led:st3|lpm_mux:Mux2" CBX_FILE_NAME="mux_fdc.tdf"/>
		<CBX_INST_ENTRY INSTANCE_NAME="|DigitalClock|segment7Led:st4|lpm_mux:Mux1" CBX_FILE_NAME="mux_fdc.tdf"/>
		<CBX_INST_ENTRY INSTANCE_NAME="|DigitalClock|segment7Led:st5|lpm_mux:Mux0" CBX_FILE_NAME="mux_fdc.tdf"/>
	</PROJECT>
</LOG_ROOT>
